{
	"name": "512_neg_beta_no_pitch",
	"tutor": "../data/boari_short.wav",
	"train_per_day": 300,
	"iter_per_train": 20,
	"comp": "linalg",
	"replay": 400,
	"night_concurrent": 20,
	"decay": "linear",
	"concurrent": 3,
	"days": 50,
	"prior": [
	0, 0, 3.141592653589793, 15,
	0, 0, 0.39269908169872414, 45,
	0, 0, 0, 5000,
	0,
	0, 0, 0, 0, -0.15
	],
	"mins": [
    -50, 0, -3.141592653589793, 0,
    -50, 0, -3.141592653589793, 0,
    -50, 0, -3.141592653589793, 0,
    -5,
    -50, 0, -3.141592653589793, 0, -3
	],
	"maxs": [
    50, 4, 3.141592653589793, 40000,
    50, 4, 3.141592653589793, 40000,
    50, 5, 3.141592653589793, 40000,
    10,
    50, 3, 3.141592653589793, 1000, 0
	],
	"dev": [
    0.1,   0.1,   0.05,  1,
    0.05,  0.05,  0.05,  1,
    0.001, 0.001, 0.005, 100,
    0.2,
    0.05, 0.01, 0.05, 1, 0.005
	],
	"dlm": "optimise_gesture_whole_local_search"

}
