{
	"name": "no_night_new_params",
	"tutor": "../data/boari_short.wav",
	"iter_per_train": 20,
	"comp": "linalg",
	"coefs": {"fm": 1, "am": 1, "entropy": 1, "goodness": 1,
				"amplitude": 1, "pitch": 0, "rms": 1},
	"concurrent": 3,
	"days": 60,
	"dlm": "optimise_gesture_whole_local_search",
	"nlm": "no_night",
	"prior": [
	0, 0, 3.141592653589793, 50,
	0, 0, 0.39269908169872414, 500,
	0, 0, 0, 5000,
	0.2,
	0, 0, 0, 0, -0.15
	],
	"dev": [
	0.01,   0.01,   0.01,  5,
	0.005,  0.005,  0.01,  10,
	0.0005, 0.0005, 0.01, 50,
	0.05,
	0.02, 0.02, 0.01, 5, 0.001
	],
	"muta_proba": [0, 0, 1]
}
