{
	"name": "no_night",
	"tutor": "../data/boari_short.wav",
	"iter_per_train": 20,
	"comp": "linalg",
	"coefs": {"fm": 1, "am": 1, "entropy": 1, "goodness": 1,
				"amplitude": 1, "pitch": 0, "rms": 1},
	"concurrent": 3,
	"days": 60,
	"dlm": "optimise_gesture_whole_local_search",
	"nlm": "no_night",
	"prior": [
	0, 0, 3.141592653589793, 15,
	0, 0, 0.39269908169872414, 45,
	0, 0, 0, 5000,
	0,
	0, 0, 0, 0, -0.15
	],
	"dev": [
	0.1,   0.1,   0.05,  10,
	0.05,  0.05,  0.05,  10,
	0.001, 0.001, 0.05, 100,
	0.2,
	0.05, 0.02, 0.05, 10, 0.005
	],
	"muta_proba": [0, 0, 0, 1]
}
