{
	"name": "dlm_nlm_equilibrium",
	"tutor": "../data/boari_short.wav",
	"comp": "linalg",
	"days": 30,
	"concurrent": 3,
	"coefs": {"fm": 1, "am": 1, "entropy": 1, "goodness": 1,
               "amplitude": 1, "pitch": 0, "rms": 1},
	"dlm": "optimise_gesture_whole_local_search",
	"nlm": "mutate_microbial_diversity_uniform",
	"diversity_threshold": 2000,
	"prior": [
		0, 0, 3.141592653589793, 15,
		0, 0, 0.39269908169872414, 45,
		0, 0, 0, 5000,
		0,
		0, 0, 0, 0, -0.15
		],
	"dev": [
		0.01,   0.01,   0.05,  5,
		0.005,  0.005,  0.05,  5,
		0.0005, 0.0005, 0.05, 50,
		0.05,
		0.02, 0.02, 0.05, 5, 0.001
		]
}
